first_name,last_name,dob,phone,email_address,remarks,updated_at,created_at,id
Ruth,Bruen,2013-11-10,"1-548-522-5285 x560",cfahey@hotmail.com,"Numquam repellendus minima quia sunt natus porro velit. Ipsa eius magnam omnis maxime minima iste laudantium quasi. Illum asperiores voluptates repellendus nihil quidem.

Reprehenderit officia aperiam vel dolorum id magni. Quo expedita quae hic quam quisquam veritatis. Tempore similique architecto aut quis minus inventore. Numquam optio in quisquam nihil repellat. Sed commodi iste ut aliquam quasi maxime fugit.

Quia eum tempora dolorum. Omnis corrupti consequatur distinctio omnis ut.

Aliquam sunt expedita iste nisi officiis. Autem sit illum odit ea ex facilis totam vitae. Nesciunt magni incidunt dolor similique et pariatur.

Ipsam labore consequatur quis. Repellat aliquam omnis quis temporibus blanditiis. Praesentium qui consequatur ipsam autem a tempore.

Et nesciunt sed odit nisi aut repellat quos. Voluptatem voluptatem maxime recusandae reprehenderit saepe esse adipisci. Qui aperiam laborum aut minima itaque. Vitae cum ut ab.","2016-11-30 11:03:53","2016-11-30 11:03:53",221
